idx,t_move,x_t,y_t,z_t,disp,xcorr,locked,out_of_range,region_offset_um,z_fallback,n_spot_reads,meas_x,meas_y,ver_x,ver_y,region_id,fov_id,n_z,res_px,residual_um,false_rejection,genuine_failure,focus_error_um
0,2026-07-30 19:50:44.432,10.991952114095094,8.233059877194153,2.80725,-6.7,0.957,True,False,3.28,,2,770.3,128.8,773.5,128.2,A1,0,1,-0.2999999999999545,-0.5668983632334164,False,False,-0.5668983632334164
1,2026-07-30 19:50:47.771,13.593450994095093,8.233059877194153,2.80725,-5.5,0.987,True,False,3.28,,2,770.9,128.7,773.8,128.3,A1,1,1,0.0,0.0,False,False,0.0
2,2026-07-30 19:50:49.007,16.194949874095094,8.233059877194153,2.80725,-1.8,0.967,True,False,3.28,,2,772.9,128.6,773.8,128.5,A1,2,1,0.0,0.0,False,False,0.0
3,2026-07-30 19:50:50.099,18.796448754095096,8.233059877194153,2.80725,-2.3,0.996,True,False,3.28,,2,772.6,128.8,774.0,128.6,A1,3,1,0.20000000000004547,0.3779322421557541,False,False,0.3779322421557541
4,2026-07-30 19:50:51.338,10.991952114095094,10.834558757194152,2.80725,-5.3,0.989,True,False,3.28,,2,771.0,128.7,773.9,128.3,A1,4,1,0.10000000000002274,0.18896612107787705,False,False,0.18896612107787705
5,2026-07-30 19:50:52.928,13.593450994095093,10.834558757194152,2.80725,-2.6,0.977,True,False,3.28,,2,772.4,128.6,773.7,128.4,A1,5,1,-0.09999999999990905,-0.18896612107766222,False,False,-0.18896612107766222
6,2026-07-30 19:50:54.098,16.194949874095094,10.834558757194152,2.80725,1.5,0.998,True,False,3.28,,2,774.6,128.4,773.9,128.5,A1,6,1,0.10000000000002274,0.18896612107787705,False,False,0.18896612107787705
7,2026-07-30 19:50:55.410,18.796448754095096,10.834558757194152,2.80725,0.9,0.996,True,False,3.28,,2,774.3,128.4,773.7,128.5,A1,7,1,-0.09999999999990905,-0.18896612107766222,False,False,-0.18896612107766222
8,2026-07-30 19:50:56.672,10.991952114095094,13.436057637194153,2.80725,-3.1,0.992,True,False,3.28,,2,772.1,128.6,773.9,128.3,A1,8,1,0.10000000000002274,0.18896612107787705,False,False,0.18896612107787705
9,2026-07-30 19:50:58.233,13.593450994095093,13.436057637194153,2.80725,-0.1,0.995,True,False,3.28,,2,773.8,128.3,773.9,128.3,A1,9,1,0.10000000000002274,0.18896612107787705,False,False,0.18896612107787705
10,2026-07-30 19:50:59.418,16.194949874095094,13.436057637194153,2.80725,4.5,0.997,True,False,3.28,,2,776.2,128.1,773.9,128.5,A1,10,1,0.10000000000002274,0.18896612107787705,False,False,0.18896612107787705
11,2026-07-30 19:51:00.674,18.796448754095096,13.436057637194153,2.80725,3.9,0.983,True,False,3.28,,2,775.8,128.1,773.9,128.4,A1,11,1,0.10000000000002274,0.18896612107787705,False,False,0.18896612107787705
12,2026-07-30 19:51:01.876,10.991952114095094,16.037556517194155,2.80725,0.1,0.936,True,False,3.28,,2,773.8,128.2,773.8,128.3,A1,12,1,0.0,0.0,False,False,0.0
13,2026-07-30 19:51:03.487,13.593450994095093,16.037556517194155,2.80725,2.9,0.996,True,False,3.28,,2,775.4,128.1,773.7,128.4,A1,13,1,-0.09999999999990905,-0.18896612107766222,False,False,-0.18896612107766222
14,2026-07-30 19:51:04.720,16.194949874095094,16.037556517194155,2.80725,7.5,0.997,True,False,3.28,,2,777.8,127.9,773.9,128.5,A1,14,1,0.10000000000002274,0.18896612107787705,False,False,0.18896612107787705
15,2026-07-30 19:51:05.985,18.796448754095096,16.037556517194155,2.80725,7.6,0.951,True,False,3.28,,2,777.8,128.0,774.0,128.6,A1,15,1,0.20000000000004547,0.3779322421557541,False,False,0.3779322421557541
16,2026-07-30 19:51:07.224,107.4919521140951,8.233059877194153,2.8271249999999997,-2.6,0.915,True,False,1.0,,2,772.4,128.6,773.8,128.4,A6,0,1,0.0,0.0,False,False,0.0
17,2026-07-30 19:51:11.540,110.0934509940951,8.233059877194153,2.8271249999999997,-8.0,0.608,False,False,,2.8271249999999997,2,769.6,128.6,773.9,128.0,A6,1,1,0.10000000000002274,0.18896612107787705,True,False,-8.0
18,2026-07-30 19:51:12.872,112.6949498740951,8.233059877194153,2.8271249999999997,-3.0,0.88,False,False,,2.8271249999999997,2,772.2,129.0,773.8,128.7,A6,2,1,0.0,0.0,True,False,-3.0
19,2026-07-30 19:51:14.106,107.4919521140951,10.834558757194152,2.8271249999999997,-0.6,0.994,True,False,1.0,,2,773.5,128.4,773.8,128.3,A6,3,1,0.0,0.0,False,False,0.0
20,2026-07-30 19:51:15.477,110.0934509940951,10.834558757194152,2.8271249999999997,-0.2,0.994,True,False,1.0,,2,773.7,128.5,773.8,128.5,A6,4,1,0.0,0.0,False,False,0.0
21,2026-07-30 19:51:16.644,112.6949498740951,10.834558757194152,2.8271249999999997,0.2,0.996,True,False,1.0,,2,773.9,128.5,773.8,128.5,A6,5,1,0.0,0.0,False,False,0.0
22,2026-07-30 19:51:17.945,107.4919521140951,13.436057637194153,2.8271249999999997,1.2,0.973,True,False,1.0,,2,774.4,128.3,773.8,128.5,A6,6,1,0.0,0.0,False,False,0.0
23,2026-07-30 19:51:19.499,110.0934509940951,13.436057637194153,2.8271249999999997,2.2,0.993,True,False,1.0,,2,774.9,128.3,773.7,128.5,A6,7,1,-0.09999999999990905,-0.18896612107766222,False,False,-0.18896612107766222
24,2026-07-30 19:51:20.709,112.6949498740951,13.436057637194153,2.8271249999999997,1.7,0.992,True,False,1.0,,2,774.7,128.4,773.8,128.5,A6,8,1,0.0,0.0,False,False,0.0
25,2026-07-30 19:51:21.882,107.4919521140951,16.037556517194155,2.8271249999999997,4.0,0.997,True,False,1.0,,2,775.9,128.0,773.8,128.4,A6,9,1,0.0,0.0,False,False,0.0
26,2026-07-30 19:51:23.300,110.0934509940951,16.037556517194155,2.8271249999999997,4.3,0.997,True,False,1.0,,2,776.1,128.1,773.8,128.5,A6,10,1,0.0,0.0,False,False,0.0
27,2026-07-30 19:51:24.461,112.6949498740951,16.037556517194155,2.8271249999999997,4.1,0.966,True,False,1.0,,2,776.0,128.2,773.8,128.6,A6,11,1,0.0,0.0,False,False,0.0
28,2026-07-30 19:51:25.603,107.4919521140951,66.13305987719416,2.79234375,-1.3,0.974,True,False,0.84,,2,773.1,128.3,773.7,128.3,D6,0,1,-0.09999999999990905,-0.18896612107766222,False,False,-0.18896612107766222
29,2026-07-30 19:51:28.619,110.0934509940951,66.13305987719416,2.79234375,-1.9,0.95,True,False,0.84,,2,772.8,128.7,773.8,128.5,D6,1,1,0.0,0.0,False,False,0.0
30,2026-07-30 19:51:29.888,112.6949498740951,66.13305987719416,2.79234375,-1.9,0.971,True,False,0.84,,2,772.8,128.7,773.9,128.5,D6,2,1,0.10000000000002274,0.18896612107787705,False,False,0.18896612107787705
31,2026-07-30 19:51:31.114,107.4919521140951,68.73455875719415,2.79234375,-0.4,0.985,True,False,0.84,,2,773.6,128.4,773.8,128.4,D6,3,1,0.0,0.0,False,False,0.0
32,2026-07-30 19:51:32.587,110.0934509940951,68.73455875719415,2.79234375,1.3,0.978,True,False,0.84,,2,774.5,128.3,774.0,128.4,D6,4,1,0.20000000000004547,0.3779322421557541,False,False,0.3779322421557541
33,2026-07-30 19:51:33.893,112.6949498740951,68.73455875719415,2.79234375,-0.0,0.977,True,False,0.84,,2,773.8,128.9,773.8,128.9,D6,5,1,0.0,0.0,False,False,0.0
34,2026-07-30 19:51:34.908,107.4919521140951,71.33605763719416,2.79234375,1.5,0.953,True,False,0.84,,2,774.6,128.3,773.8,128.5,D6,6,1,0.0,0.0,False,False,0.0
35,2026-07-30 19:51:36.424,110.0934509940951,71.33605763719416,2.79234375,2.7,0.992,True,False,0.84,,2,775.2,128.0,773.7,128.2,D6,7,1,-0.09999999999990905,-0.18896612107766222,False,False,-0.18896612107766222
36,2026-07-30 19:51:37.570,112.6949498740951,71.33605763719416,2.79234375,2.3,0.992,True,False,0.84,,2,775.0,128.4,773.7,128.7,D6,8,1,-0.09999999999990905,-0.18896612107766222,False,False,-0.18896612107766222
37,2026-07-30 19:51:38.751,107.4919521140951,73.93755651719415,2.79234375,4.1,0.972,True,False,0.84,,2,776.0,128.1,773.8,128.5,D6,9,1,0.0,0.0,False,False,0.0
38,2026-07-30 19:51:40.229,110.0934509940951,73.93755651719415,2.79234375,4.5,0.992,True,False,0.84,,2,776.2,128.1,774.0,128.5,D6,10,1,0.20000000000004547,0.3779322421557541,False,False,0.3779322421557541
39,2026-07-30 19:51:41.459,112.6949498740951,73.93755651719415,2.79234375,3.7,0.971,True,False,0.84,,2,775.8,128.3,773.9,128.6,D6,11,1,0.10000000000002274,0.18896612107787705,False,False,0.18896612107787705
40,2026-07-30 19:51:42.660,10.991952114095094,66.13305987719416,2.7327187499999996,-3.4,0.975,True,False,1.8,,2,772.0,128.3,773.9,128.0,D1,0,1,0.10000000000002274,0.18896612107787705,False,False,0.18896612107787705
41,2026-07-30 19:51:47.475,13.593450994095093,66.13305987719416,2.7327187499999996,-1.9,0.934,True,False,1.8,,2,772.8,128.2,773.8,128.0,D1,1,1,0.0,0.0,False,False,0.0
42,2026-07-30 19:51:48.635,16.194949874095094,66.13305987719416,2.7327187499999996,0.3,0.969,True,False,1.8,,2,774.0,128.0,774.0,128.0,D1,2,1,0.20000000000004547,0.3779322421557541,False,False,0.3779322421557541
43,2026-07-30 19:51:49.859,18.796448754095096,66.13305987719416,2.7327187499999996,-2.5,0.977,True,False,1.8,,2,772.5,128.3,773.8,128.1,D1,3,1,0.0,0.0,False,False,0.0
44,2026-07-30 19:51:51.104,10.991952114095094,68.73455875719415,2.7327187499999996,-3.4,0.986,True,False,1.8,,2,772.0,128.3,773.8,128.0,D1,4,1,0.0,0.0,False,False,0.0
45,2026-07-30 19:51:52.706,13.593450994095093,68.73455875719415,2.7327187499999996,-4.0,0.984,True,False,1.8,,2,771.7,128.4,773.7,128.1,D1,5,1,-0.09999999999990905,-0.18896612107766222,False,False,-0.18896612107766222
46,2026-07-30 19:51:53.925,16.194949874095094,68.73455875719415,2.7327187499999996,23.6,0.743,False,False,,2.7327187499999996,2,786.3,126.1,753.8,130.8,D1,6,1,-20.0,-37.793224215566816,False,True,23.6
47,2026-07-30 19:51:55.333,18.796448754095096,68.73455875719415,2.7327187499999996,-3.1,0.993,True,False,1.8,,2,772.1,128.2,773.7,128.0,D1,7,1,-0.09999999999990905,-0.18896612107766222,False,False,-0.18896612107766222
48,2026-07-30 19:51:56.435,10.991952114095094,71.33605763719416,2.7327187499999996,-2.0,0.975,True,False,1.8,,2,772.7,128.4,773.8,128.2,D1,8,1,0.0,0.0,False,False,0.0
49,2026-07-30 19:51:58.053,13.593450994095093,71.33605763719416,2.7327187499999996,-1.9,0.968,True,False,1.8,,2,772.8,128.3,773.8,128.2,D1,9,1,0.0,0.0,False,False,0.0
50,2026-07-30 19:51:59.297,16.194949874095094,71.33605763719416,2.7327187499999996,1.1,0.965,True,False,1.8,,2,774.4,128.2,773.8,128.2,D1,10,1,0.0,0.0,False,False,0.0
51,2026-07-30 19:52:00.558,18.796448754095096,71.33605763719416,2.7327187499999996,-2.1,0.986,True,False,1.8,,2,772.7,128.1,773.7,128.0,D1,11,1,-0.09999999999990905,-0.18896612107766222,False,False,-0.18896612107766222
52,2026-07-30 19:52:01.825,10.991952114095094,73.93755651719415,2.7327187499999996,-0.8,0.901,True,False,1.8,,2,773.4,127.4,773.8,127.3,D1,12,1,0.0,0.0,False,False,0.0
53,2026-07-30 19:52:03.444,13.593450994095093,73.93755651719415,2.7327187499999996,2.9,0.884,False,False,,2.7327187499999996,2,775.3,127.5,774.0,127.8,D1,13,1,0.20000000000004547,0.3779322421557541,True,False,2.9
54,2026-07-30 19:52:04.723,16.194949874095094,73.93755651719415,2.7327187499999996,2.4,0.989,True,False,1.8,,2,775.0,128.1,774.0,128.3,D1,14,1,0.20000000000004547,0.3779322421557541,False,False,0.3779322421557541
55,2026-07-30 19:52:05.936,18.796448754095096,73.93755651719415,2.7327187499999996,-1.4,0.994,True,False,1.8,,2,773.1,128.1,773.8,128.0,D1,15,1,0.0,0.0,False,False,0.0
